No.,TestMailAddress,
1,bear@sky.am,
2,sea@freemail.today,
3,cat@hoge.work,
4,draw@freemail.us,
5,or2@red.com,
6,hanako@private.tk,
7,chaos@private.us,
8,rabbit@low.net,
9,blogger@high.site,
10,job_main@i.work,
11,private@warning.us,
12,moon@m.us,
13,orz@know.ru,
14,rabbit@high.com,
15,oh@angel.us,
16,human@the.tk,
17,blogger@oh-no.net,
18,orz@mail.join.clinic,
19,music@message.tk,
20,rabbit@also.today,
21,or2@the.am,
22,loves2@pink.am,
23,void@red.co.jp,
24,draw@orz.net,
25,cat@pink.ai,
26,let@know.site,
27,bear@private.is,
28,hanako@hoge.io,
29,blogger@black.site,
30,moon@red.me,
31,or2@hoge.org,
32,hosts@drive.ee,
33,oh@somefiles.co.jp,
34,ocan@sky.net,
35,private@private.me,
36,hosts@green.clinic,
37,sleep-o-@red.ru,
38,ioi@m.me,
39,chaos@foo.express,
40,oh@so.tk,
41,human@white.com,
42,rabbit@the.co.jp,
43,oops@in.co,
44,public@m.site,
45,draw@m.us,
46,write@know.us,
47,moon@in.org,
48,draw@m.cm,
49,job_sub@angel.io,
50,face-_-@foo.ru,
51,gecko@foo.express,
52,oops@red.co.jp,
53,oops@orz.express,
54,human@www.us,
55,oops@green.io,
56,product@sky.express,
57,hello@so.io,
58,sun@in.jp,
59,hello@i.is,
60,forgot@white.io,
61,loves2@also.mu,
62,void@freemail.site,
63,bear@www.co,
64,or2@mymail.is,
65,job_sub@the.org,
66,oh@know.ee,
67,hello@example.express,
68,forgot@high.express,
69,job_sub@angel.ru,
70,let@baz.tk,
71,ioi@red.am,
72,hosts@green.today,
73,mail@also.express,
74,write@mail.join.tk,
75,face-_-@baz.ai,
76,lol@hoge.site,
77,hosts@angel.io,
78,lol@black.am,
79,orz@www.is,
80,job_sub@black.cm,
81,private@white.io,
82,cat@bear.am,
83,sleep-o-@black.jp,
84,draw@the.cm,
85,void@green.am,
86,job_main@low.work,
87,public@freemail.us,
88,write@mail.join.net,
89,job_main@drive.tk,
90,product@mail.join.is,
91,north@pink.site,
92,public@mymail.site,
93,face-_-@orz.net,
94,ioi@drive.co.jp,
95,face-_-@high.today,
96,job_sub@m.jp,
97,sleep-o-@green.work,
98,cat@blue.tk,
99,sea@black.express,
100,ioi@pink.net,
